Item\Project,PS8317_BiCS5_KIC_UFS3.1-20.10.03.01,PS8329_BiCS8_KIC_UFS3.1,PS8363_BiCS8_KIC_UFS4.1,PS8361_WD_HG_UFS4.0,PS8361_WDS_OPPO_UFS4.0,PS8329_BiCS8_Normal_UFS3.1,PS8327_WT_HG_UFS2.2,default,default_x8
Cmd_Total_Time.Write,20000,20000,20000,26000,26000,26000,26000,26000,26000
Cmd_Total_Time.Read,20000,20000,20000,26000,26000,26000,26000,26000,26000
Cmd_Total_Time.Erase,30000,30000,30000,300000,300000,300000,300000,300000,300000
Cmd_Total_Time.Discard,30000,30000,30000,300000,300000,300000,300000,300000,300000
Cmd_Total_Time.Format_Unit,20000,20000,20000,30000,30000,30000,30000,30000,30000
Cmd_Total_Time.Purge,30000,30000,30000,300000,300000,300000,300000,300000,300000
Cmd_Total_Time.Purge_KIC,36000,36000,36000,3600000,3600000,3600000,3600000,3600000,3600000
Cmd_Total_Time.Purge_KIC_Logical,15000,15000,15000,15000,15000,15000,15000,15000,15000
Cmd_Total_Time.Purge_Perf_precondition,10800000,10800000,10800000,10800000,10800000,10800000,10800000,10800000,10800000
Cmd_Total_Time.Vendor_ReadWrite,20000,20000,20000,30000,30000,30000,30000,30000,30000
Cmd_Total_Time.Nop_Out,20000,20000,20000,30000,30000,30000,30000,30000,30000
Cmd_Total_Time.Boot_WLU_Ready,20000,20000,20000,30000,30000,30000,30000,30000,30000
Cmd_Total_Time.Device_Ready_W_Boot,20000,20000,20000,30000,30000,30000,30000,30000,30000
Cmd_Total_Time.Device_Ready_WO_Boot,20000,20000,20000,30000,30000,30000,30000,30000,30000
Cmd_Total_Time.Device_Ready_WO_Boot_SPOR,20000,20000,20000,30000,30000,30000,30000,30000,30000
Cmd_Total_Time.Device_Ready_After_LU_Cong,20000,20000,20000,30000,30000,30000,30000,30000,30000
Cmd_Total_Time.Test_Unit_Ready,20000,20000,20000,30000,30000,30000,30000,30000,30000
Cmd_Total_Time.Security_Protocol_Out,20000,20000,20000,30000,30000,30000,30000,30000,30000
Cmd_Total_Time.Security_Protocol_In,20000,20000,20000,30000,30000,30000,30000,30000,30000
Cmd_Total_Time.Write_Flag,1000,1000,1000,1000,1000,1000,1000,1000,1000
Cmd_Total_Time.Read_Flag,1000,1000,1000,1000,1000,1000,1000,1000,1000
Cmd_Total_Time.Write_Attribute,1000,1000,1000,1000,1000,1000,1000,1000,1000
Cmd_Total_Time.Read_Attribute,1000,1000,1000,1000,1000,1000,1000,1000,1000
Cmd_Total_Time.Set_Desc,20000,20000,20000,30000,30000,30000,30000,30000,30000
Cmd_Total_Time.Get_Desc,800,800,800,800,800,800,800,800,800
Cmd_Total_Time.SSU_Start_Unit,20000,20000,20000,30000,30000,30000,30000,30000,30000
Cmd_Total_Time.SSU_Stop_Unit,20000,20000,20000,30000,30000,30000,30000,30000,30000
Cmd_Total_Time.SSU_Sleep,20000,20000,20000,30000,30000,30000,30000,30000,30000
Cmd_Total_Time.SSU_PowerDown,20000,20000,20000,30000,30000,30000,30000,30000,30000
Cmd_Total_Time.SSU_Active,1000,1000,1000,1000,1000,1000,1000,1000,1000
Cmd_Total_Time.SSU_Sleep_VccOff_2_Active,1000,1000,1000,1000,1000,1000,1000,1000,1000
Cmd_Total_Time.SSU_Sleep_2_Active,1000,1000,1000,1000,1000,1000,1000,1000,1000
Cmd_Total_Time.SSU_PowerDown_2_Active,1000,1000,1000,1000,1000,1000,1000,1000,1000
Cmd_Total_Time.Abort_Task,20000,20000,20000,30000,30000,30000,30000,30000,30000
Cmd_Total_Time.Abort_Task_Set,20000,20000,20000,30000,30000,30000,30000,30000,30000
Cmd_Total_Time.Clear_Task_Set,20000,20000,20000,30000,30000,30000,30000,30000,30000
Cmd_Total_Time.LU_Reset,20000,20000,20000,30000,30000,30000,30000,30000,30000
Cmd_Total_Time.Query_Task,20000,20000,20000,30000,30000,30000,30000,30000,30000
Cmd_Total_Time.Query_Task_Set,20000,20000,20000,30000,30000,30000,30000,30000,30000
Cmd_Total_Time.Inquiry,20000,20000,20000,30000,30000,30000,30000,30000,30000
Cmd_Total_Time.Write_Buffer,20000,20000,20000,30000,30000,30000,30000,30000,30000
Cmd_Total_Time.Read_Buffer,20000,20000,20000,30000,30000,30000,30000,30000,30000
Cmd_Total_Time.Verify_10,20000,20000,20000,30000,30000,30000,30000,30000,30000
Cmd_Total_Time.Pre_Fetch,20000,20000,20000,30000,30000,30000,30000,30000,30000
Cmd_Total_Time.Mode_Sense,20000,20000,20000,30000,30000,30000,30000,30000,30000
Cmd_Total_Time.Sync_Cache,20000,20000,20000,30000,30000,30000,30000,30000,30000
Cmd_Total_Time.Mode_Select,20000,20000,20000,30000,30000,30000,30000,30000,30000
Cmd_Total_Time.Report_Luns,20000,20000,20000,30000,30000,30000,30000,30000,30000
Cmd_Total_Time.ReadCapacity,20000,20000,20000,30000,30000,30000,30000,30000,30000
Cmd_Total_Time.Request_Sense,20000,20000,20000,30000,30000,30000,30000,30000,30000
Cmd_Total_Time.SEND_DIAGNOSTIC,20000,20000,20000,30000,30000,30000,30000,30000,30000
Cmd_Total_Time.Group_Read_Write,20000,20000,20000,30000,30000,30000,30000,26000,30000
Cmd_Total_Time.HibernateEnter,261,261,261,261,261,261,261,261,261
Cmd_Total_Time.HibernateExit,115,115,115,115,115,115,115,115,115
Cmd_Total_Time.LinkStartup,20000,20000,20000,30000,30000,30000,30000,30000,30000
Cmd_Total_Time.fDev_Init_Timeout,1000,1000,1000,1000,1000,1000,1000,1000,1000
Cmd_Total_Time.fDev_Init_AfterSPOR,1000,1000,1000,1000,1000,1000,1000,1000,1000
Cmd_Total_Time.Fbarrier,20000,20000,20000,30000,30000,30000,30000,30000,30000
Cmd_Total_Time.After_POR_SSU_Timeout,1000,1000,1000,5000,5000,5000,5000,5000,5000
Cmd_Total_Time.Platform_Criteria_SSU_Timeout,1000,1000,1000,1000,1000,1000,1000,1000,1000
Cmd_Total_Time.Exe_Cmd_Timeout,20000,20000,20000,30000,30000,30000,30000,30000,30000
Specific_Case.MaxWriteChunkSizeWhenQDFull,60000,60000,60000,30000,30000,60000,60000,60000,60000
Specific_Case.LinkStartupAfterSoftRestSPORWhenWB,300,300,300,300,300,300,300,300,300
Specific_Case.GetGCInfoVU,20000,20000,20000,30000,30000,30000,30000,30000,30000
Specific_Case.TestUnitReadyAfterInitFlowWhenGC,100,100,100,100,100,100,100,100,100
Specific_Case.Force_Refresh,6000000,6000000,6000000,6000000,6000000,6000000,6000000,6000000,6000000
Specific_Case.FirstWriteAfterSPOR,60000,60000,60000,60000,60000,60000,60000,60000,60000
Cmd_Max_Busy_Time.Write_Busy,20000,20000,20000,30000,30000,30000,30000,30000,30000
Cmd_Max_Busy_Time.Read_Busy,20000,20000,20000,30000,30000,30000,30000,30000,30000
Cmd_Max_Busy_Time.Write_Buffer_Busy,20000,20000,20000,30000,30000,30000,30000,30000,30000
Cmd_Max_Busy_Time.Read_Buffer_Busy,20000,20000,20000,30000,30000,30000,30000,30000,30000
Cmd_Max_Busy_Time.Sec_Protocol_Out_Busy,20000,20000,20000,30000,30000,30000,30000,30000,30000
Cmd_Max_Busy_Time.Sec_Protocol_In_Busy,20000,20000,20000,30000,30000,30000,30000,30000,30000
Cmd_Max_Busy_Time.Unmap_Busy,20000,20000,20000,28000,28000,28000,28000,28000,28000
SDK_DCMD13_Timeout.Standard_Cmd_Timeout,20000,20000,20000,30000,30000,30000,30000,30000,30000
SDK_DCMD13_Timeout.Vendor_CMD_Timeout,20000,20000,20000,30000,30000,30000,30000,30000,30000
SDK_DCMD13_Timeout.GROUP_RW_Timeout,20000,20000,20000,30000,30000,30000,30000,30000,30000
SDK_DCMD13_Timeout.NOP_OUT_Timeout,20000,20000,20000,30000,30000,30000,30000,30000,30000
SDK_DCMD13_Timeout.Hiber_Enter_Timeout,261,261,261,261,261,261,261,261,261
SDK_DCMD13_Timeout.Hiber_Exit_Timeout,115,115,115,115,115,115,115,115,115
SDK_DCMD13_Timeout.Link_Start_Up_Timeout,20000,20000,20000,30000,30000,30000,30000,30000,30000
SDK_DCMD13_Timeout.Pwr_Mode_Chg_Timeout,20000,20000,20000,30000,30000,30000,30000,30000,30000
SDK_DCMD13_Timeout.Current_Timeout,20000,20000,20000,30000,30000,30000,30000,30000,30000
SDK_DCMD13_Timeout.1st_Read_LUN_Ready_Timeout,20000,20000,20000,30000,30000,30000,30000,30000,30000
SDK_DCMD13_Timeout.Boot_LUN_Ready_Timeout,20000,20000,20000,30000,30000,30000,30000,30000,30000
SDK_DCMD13_Timeout.fDev_Init_Timeout,1000,1000,1000,1000,1000,1000,1000,1000,1000
SDK_DCMD13_Timeout.RSTn_AfterPwrReset_Delay,0,0,0,0,0,0,0,0,0
SDK_DCMD13_Timeout.RSTn_SendKey_Timeout,20000,20000,20000,30000,30000,30000,30000,30000,30000
SDK_DCMD13_Timeout.RSTn_AuthCMD_Timeout,20000,20000,20000,30000,30000,30000,30000,30000,30000
SDK_DCMD13_Timeout.RSTn_AuthData_Timeout,20000,20000,20000,30000,30000,30000,30000,30000,30000
SDK_DCMD13_Timeout.SSU_Timeout,20000,20000,20000,30000,30000,30000,30000,30000,30000
SDK_DCMD13_Timeout.DCMD10_process1_timeout,1000,1000,1000,1000,1000,1000,1000,1000,1000
SDK_DCMD13_Timeout.HPB_reset_timeout,10000,10000,10000,10000,10000,10000,10000,10000,10000
SDK_DCMD13_Timeout.LinkStart_PowerOnREQ_Timeout,0,0,0,0,0,0,0,0,0
SDK_DCMD13_Timeout.LinkStart_ResetREQ_Timeout,0,0,0,0,0,0,0,0,0
SDK_DCMD13_Timeout.LinkStart_EnableEQ_Timeout,0,0,0,0,0,0,0,0,0
SDK_DCMD13_Timeout.LinkStart_LinkUpREQ_Timeout,0,0,0,0,0,0,0,0,0
SDK_DCMD13_Timeout.LinkStartUp_HWLinkup_Polling_Timeout,0,0,0,0,0,0,0,0,0
SDK_DCMD13_Timeout.All_Timeout_MultipleNum,1,1,1,1,1,1,1,1,1
